{"stats":{"minecraft:picked_up":{"minecraft:bamboo":1},"minecraft:used":{"minecraft:jungle_leaves":10},"minecraft:custom":{"minecraft:jump":1,"minecraft:time_since_rest":3979,"minecraft:leave_game":1,"minecraft:damage_dealt":10,"minecraft:crouch_one_cm":77,"minecraft:sprint_one_cm":40,"minecraft:play_time":3979,"minecraft:damage_taken":85,"minecraft:time_since_death":3979,"minecraft:walk_one_cm":578,"minecraft:sneak_time":88,"minecraft:total_world_time":3979,"minecraft:drop":2,"minecraft:fall_one_cm":858,"minecraft:fly_one_cm":14318},"minecraft:dropped":{"minecraft:jungle_leaves":1,"minecraft:bamboo":1}},"DataVersion":3465}