{"stats":{"minecraft:picked_up":{"minecraft:bamboo":1,"minecraft:sugar_cane":2},"minecraft:used":{"minecraft:netherite_sword":28,"minecraft:jungle_leaves":10,"minecraft:sand":1,"minecraft:skeleton_spawn_egg":38,"minecraft:sugar_cane":29},"minecraft:custom":{"minecraft:time_since_rest":49685,"minecraft:crouch_one_cm":4444,"minecraft:sprint_one_cm":5752,"minecraft:play_time":49685,"minecraft:damage_taken":205,"minecraft:walk_one_cm":7640,"minecraft:sneak_time":744,"minecraft:walk_under_water_one_cm":3831,"minecraft:mob_kills":1,"minecraft:drop":5,"minecraft:jump":32,"minecraft:damage_dealt":425,"minecraft:leave_game":1,"minecraft:time_since_death":49685,"minecraft:walk_on_water_one_cm":1631,"minecraft:total_world_time":49685,"minecraft:climb_one_cm":136,"minecraft:swim_one_cm":5967,"minecraft:fall_one_cm":1392,"minecraft:fly_one_cm":409366},"minecraft:killed":{"minecraft:zombie":1},"minecraft:mined":{"minecraft:sugar_cane":1},"minecraft:dropped":{"minecraft:jungle_leaves":1,"minecraft:bamboo":1,"minecraft:zombie_spawn_egg":1,"minecraft:sand":1,"minecraft:skeleton_spawn_egg":1}},"DataVersion":3465}