{"stats":{"minecraft:picked_up":{"minecraft:bamboo":1},"minecraft:used":{"minecraft:jungle_leaves":10,"minecraft:sand":1,"minecraft:skeleton_spawn_egg":38},"minecraft:custom":{"minecraft:time_since_rest":25685,"minecraft:crouch_one_cm":4081,"minecraft:sprint_one_cm":2248,"minecraft:play_time":25685,"minecraft:damage_taken":85,"minecraft:walk_one_cm":5223,"minecraft:sneak_time":550,"minecraft:walk_under_water_one_cm":3206,"minecraft:drop":4,"minecraft:jump":13,"minecraft:damage_dealt":225,"minecraft:leave_game":1,"minecraft:time_since_death":25685,"minecraft:walk_on_water_one_cm":722,"minecraft:total_world_time":25685,"minecraft:climb_one_cm":136,"minecraft:swim_one_cm":5967,"minecraft:fall_one_cm":858,"minecraft:fly_one_cm":171410},"minecraft:dropped":{"minecraft:jungle_leaves":1,"minecraft:bamboo":1,"minecraft:sand":1,"minecraft:skeleton_spawn_egg":1}},"DataVersion":3465}